{
  "method": "bootstrap_ci_per_class",
  "note": "Emotion classes are disjoint video partitions \u2014 DeLong comparison is not applicable. 95% bootstrap CIs are reported per class instead.",
  "per_class_ci": [
    {
      "emotion": "astonishment_surprise",
      "n": 51,
      "auc": 0.7114197530864198,
      "ci_lower": 0.5574151070611311,
      "ci_upper": 0.8538509316770188,
      "n_bootstrap": 1000
    },
    {
      "emotion": "contentment",
      "n": 53,
      "auc": 0.6709401709401709,
      "ci_lower": 0.5202136431784108,
      "ci_upper": 0.8104076354679803,
      "n_bootstrap": 1000
    },
    {
      "emotion": "elation",
      "n": 30,
      "auc": 0.6342592592592593,
      "ci_lower": 0.39487500000000003,
      "ci_upper": 0.845,
      "n_bootstrap": 1000
    },
    {
      "emotion": "anger",
      "n": 8,
      "auc": 0.625,
      "ci_lower": 0.14285714285714285,
      "ci_upper": 1.0,
      "n_bootstrap": 1000
    }
  ]
}