{
  "no_quality": {
    "observed_delta": 0.021152564956695596,
    "p_value": 0.1737,
    "n_iter": 10000
  },
  "no_emotion_static": {
    "observed_delta": 0.032145236508994035,
    "p_value": 0.0568,
    "n_iter": 10000
  },
  "no_emotion_temporal": {
    "observed_delta": 0.0349766822118589,
    "p_value": 0.0003,
    "n_iter": 10000
  }
}