{
  "model": "ThreeModalityGated_ensemble",
  "baseline": "UCF_only",
  "split": "pilot",
  "auc_model": 0.9827083333333334,
  "auc_baseline": 0.7865625,
  "delta_auc": 0.19614583333333335,
  "delong_z": 5.88204633863229,
  "delong_p": 4.0522485367233685e-09,
  "n": 196
}