forgery_family,mean_gate_det,mean_gate_emo,mean_gate_qual,n,dominant_modality
FaceReenact,0.23890101332581928,0.4431270329718876,0.31797195125879846,129,emo
FaceSwap,0.2430332143928624,0.5013897734509775,0.2555770171528572,133,emo
TalkingFace,0.23214849827670464,0.37439882978185146,0.3934526755214781,128,qual
