forgery_family,mean_gate_det,mean_gate_emo,mean_gate_qual,n,dominant_modality
FaceReenact,0.2989326188356786,0.5075756521398779,0.19349173372072037,97,emo
FaceSwap,0.21331788182593092,0.49001340869777277,0.29666870826990904,110,emo
TalkingFace,0.30303748749272696,0.3915945914523682,0.30536792619593883,107,emo
