dominant_emotion,mean_gate_det,mean_gate_emo,mean_gate_qual,n,dominant_modality
elation,0.13724587180256864,0.6834299193873726,0.17932421738490567,106,emo
anger,0.039638543317402415,0.6554139496407805,0.30494751327499997,12,emo
contentment,0.1532020329929885,0.6017529284092002,0.24504504087311046,229,emo
astonishment_surprise,0.13566178863758296,0.5566638885602736,0.3076743189679095,212,emo
interest,0.3801541992746667,0.5298057748846,0.09004001342161999,15,emo
embarrassment,0.19320420584344353,0.41904673466111764,0.3877490606317647,17,emo
sexual_lust,0.4349535461981176,0.2763034325383118,0.28874302405807295,17,det
