arousal_tercile,n,n_real,n_fake,error_rate,fp_rate,fn_rate,AUC
low,264,112,152,0.22727272727272727,0.21428571428571427,0.23684210526315788,0.8837523496240601
medium,263,148,115,0.17870722433460076,0.12162162162162163,0.25217391304347825,0.9013513513513514
high,263,140,123,0.10266159695817491,0.1,0.10569105691056911,0.9533101045296167
