descriptor,rho,p_value,n
max_arousal,-0.2375238184606259,0.0029211121424728573,155
mean_arousal,-0.17553439813886051,0.0289117586604448,155
mean_valence,-0.09390476543792188,0.2451495337979589,155
arousal_variation,-0.06689947341655872,0.40819347921695,155
neutral_ratio,-0.024126381609987577,0.7657161164661905,155
transition_rate,-0.014429013069889926,0.8585698940576848,155
emotion_entropy,-0.00736778687703486,0.9275029714515001,155
