descriptor,rho,p_value,n
max_arousal,-0.2375238184606259,0.0029211121424728586,155
mean_arousal,-0.17553439813886051,0.028911758660444816,155
mean_valence,-0.09390476543792188,0.24514953379795898,155
arousal_variation,-0.06689947341655872,0.4081934792169499,155
neutral_ratio,-0.024126381609987577,0.7657161164661904,155
transition_rate,-0.014429013069889926,0.8585698940576848,155
emotion_entropy,-0.00736778687703486,0.9275029714515001,155
