descriptor,rho,p_value,n
max_arousal,0.17877922148341197,4.241612826261115e-07,790
mean_valence,0.12230593707880227,0.0005707552793086488,790
mean_arousal,0.1195315326915696,0.0007615008421437081,790
transition_rate,0.06497608251302615,0.06795333739860708,790
arousal_variation,0.04585694108611729,0.1979079793040952,790
emotion_entropy,0.041554051856784735,0.24336720761875777,790
neutral_ratio,0.022541506457953588,0.5269622895520524,790
