descriptor,rho,p_value,n
max_arousal,0.2029516732906239,8.647949846457945e-09,790
arousal_variation,0.1373630230879194,0.00010745342715903829,790
mean_valence,0.10840007020463913,0.002281077393477501,790
emotion_entropy,0.09799161271263856,0.005842009518096489,790
mean_arousal,0.09739459232606137,0.00615056027560788,790
transition_rate,0.07239045163058805,0.041939349417842484,790
neutral_ratio,0.005603061827531316,0.8750582404789666,790
