forgery_family_error_group,n,n_real,n_fake,error_rate,fp_rate,fn_rate,AUC
FaceSwap,23,0,23,0.4782608695652174,0.0,0.4782608695652174,
real,79,79,0,0.12658227848101267,0.12658227848101267,0.0,
TalkingFace,21,0,21,0.09523809523809523,0.0,0.09523809523809523,
FaceReenact,32,0,32,0.09375,0.0,0.09375,
