dominant_emotion,n,n_real,n_fake,AUC
amusement,14,4,10,0.95
thankfulness_gratitude,11,2,9,0.9444444444444444
embarrassment,17,3,14,0.9285714285714286
interest,17,9,8,0.875
sexual_lust,18,7,11,0.8701298701298701
anger,20,8,12,0.8020833333333333
astonishment_surprise,263,135,128,0.7619212962962961
disappointment,10,3,7,0.7619047619047619
elation,136,85,51,0.7416378316032296
contentment,282,144,138,0.7179951690821257
