model,AUC,ACC,F1,Precision,Recall,n
xception_baseline,0.6029313790806129,0.5290322580645161,0.6331658291457286,0.5121951219512195,0.8289473684210527,155
fusion_logreg,0.751165889407062,0.6838709677419355,0.6524822695035462,0.7076923076923077,0.6052631578947368,155
