,quality,emo_static,emo_temporal
quality,1.0,-0.09195657800775091,0.06283710303331833
emo_static,-0.09195657800775091,1.0,0.1611929849911901
emo_temporal,0.06283710303331833,0.1611929849911901,1.0
