{
  "vs_ucf_only": {
    "auc1": 0.913871794871795,
    "auc2": 0.7569230769230769,
    "observed_diff": 0.15694871794871812,
    "p_value": 0.0,
    "n_iter": 10000
  }
}