{
  "vs_ucf_only": {
    "auc1": 0.9020874258388395,
    "auc2": 0.76316050558565,
    "observed_diff": 0.13892692025318953,
    "p_value": 0.0,
    "n_iter": 10000
  }
}