{
  "model": "ModalityGated",
  "baseline": "UCF_only",
  "auc_model": 0.913871794871795,
  "auc_baseline": 0.7569230769230769,
  "delta_auc": 0.15694871794871812,
  "delong_z": 8.83309019371045,
  "delong_p": 0.0,
  "permutation_p": 0.0,
  "n": 790
}