model,AUC,ACC,F1,Precision,Recall,n
xception_baseline,0.5395833333333333,0.5306122448979592,0.6198347107438017,0.5136986301369864,0.78125,196
fusion_logreg,0.6421875,0.5255102040816326,0.6234817813765182,0.5099337748344371,0.8020833333333334,196
