dominant_emotion,n,n_real,n_fake,AUC
amusement,14,4,10,0.95
interest,17,9,8,0.9166666666666667
embarrassment,17,3,14,0.761904761904762
thankfulness_gratitude,11,2,9,0.7222222222222222
elation,136,85,51,0.7021914648212226
astonishment_surprise,263,135,128,0.6890046296296296
contentment,282,144,138,0.6701892109500805
sexual_lust,18,7,11,0.6363636363636364
anger,20,8,12,0.5833333333333334
disappointment,10,3,7,0.380952380952381
