arousal_tercile,n,n_real,n_fake,error_rate,fp_rate,fn_rate,AUC
low,52,20,32,0.25,0.3,0.21875,0.8765625
medium,51,32,19,0.13725490196078433,0.0625,0.2631578947368421,0.8799342105263157
high,52,27,25,0.11538461538461539,0.07407407407407407,0.16,0.9274074074074073
