dominant_emotion,n,n_real,n_fake,error_rate,fp_rate,fn_rate,AUC
anger,8,4,4,0.25,0.25,0.25,0.8125
astonishment_surprise,51,27,24,0.21568627450980393,0.18518518518518517,0.25,0.8302469135802469
amusement,5,0,5,0.2,0.0,0.2,
contentment,53,27,26,0.1509433962264151,0.1111111111111111,0.19230769230769232,0.9259259259259259
elation,30,18,12,0.06666666666666667,0.0,0.16666666666666666,0.9583333333333333
