model,AUC,ACC,F1,Precision,Recall
xception_score_only_raw,0.6742171885409726,0.6709677419354839,0.5321100917431193,0.8787878787878788,0.3815789473684211
baseline_only_xgboost,0.5770833333333333,0.5161290322580645,0.4827586206896552,0.5,0.4666666666666667
emotion_only_xgboost,0.5208333333333334,0.5483870967741935,0.46153846153846156,0.5454545454545454,0.4
fusion_xgboost,0.675,0.6129032258064516,0.5714285714285714,0.6153846153846154,0.5333333333333333
