model,AUC,ACC,F1,Precision,Recall
xception_score_only_raw,0.6742171885409726,0.6709677419354839,0.5321100917431193,0.8787878787878788,0.3815789473684211
baseline_only_logreg,0.6916666666666667,0.6129032258064516,0.5714285714285714,0.6153846153846154,0.5333333333333333
emotion_only_logreg,0.45416666666666666,0.4838709677419355,0.4666666666666667,0.4666666666666667,0.4666666666666667
fusion_logreg,0.6875,0.6774193548387096,0.6153846153846154,0.7272727272727273,0.5333333333333333
