ablation,AUC,ACC,F1,Precision,Recall
detector_plus_all,0.675,0.6129032258064516,0.5714285714285714,0.6153846153846154,0.5333333333333333
detector_plus_affect,0.6333333333333333,0.6129032258064516,0.625,0.5882352941176471,0.6666666666666666
detector_plus_dynamics,0.5541666666666667,0.5483870967741935,0.5333333333333333,0.5333333333333333,0.5333333333333333
