arousal_bin,n,AUC
mid,51,0.75
high,52,0.7407407407407408
low,52,0.5984375000000001
