ablation,AUC,ACC,F1,Precision,Recall
detector_plus_affect,0.7208333333333334,0.6129032258064516,0.625,0.5882352941176471,0.6666666666666666
detector_plus_all,0.6875,0.6774193548387096,0.6153846153846154,0.7272727272727273,0.5333333333333333
detector_plus_dynamics,0.5583333333333333,0.5806451612903226,0.5517241379310345,0.5714285714285714,0.5333333333333333
