dominant_emotion,n,n_real,n_fake,AUC
amusement,14,4,10,0.675
anger,20,8,12,0.625
disappointment,10,3,7,0.6190476190476191
embarrassment,17,3,14,0.6190476190476191
contentment,282,144,138,0.5782004830917874
interest,17,9,8,0.5694444444444444
elation,136,85,51,0.49296424452133797
astonishment_surprise,263,135,128,0.4881944444444444
sexual_lust,18,7,11,0.41558441558441556
thankfulness_gratitude,11,2,9,0.2222222222222222
