descriptor,rho,p_value,n
max_arousal,-0.17716470171197501,5.404491793396928e-07,790
mean_arousal,-0.16384602154285652,3.6701598735217728e-06,790
mean_valence,-0.08727554487165194,0.014133677951124928,790
neutral_ratio,0.0495094413280175,0.1644657231388336,790
emotion_entropy,0.040021423920473045,0.26120453144350386,790
arousal_variation,-0.02735341841184552,0.44263742826345026,790
transition_rate,-0.008367197283106295,0.8143577385698099,790
