arousal_tercile,n,n_real,n_fake,error_rate,fp_rate,fn_rate,AUC
low,264,112,152,0.26515151515151514,0.24107142857142858,0.28289473684210525,0.7975798872180451
medium,263,148,115,0.18250950570342206,0.08108108108108109,0.3130434782608696,0.8972091656874266
high,263,140,123,0.155893536121673,0.12857142857142856,0.18699186991869918,0.9220092915214866
